{
  "schema": "expert_balance.distribution_summary.token_scatter.v1",
  "script": "step5_sort_token_plot.py",
  "mode": "balance",
  "model_display": "qwen3_30b_a3b",
  "expert_thr_y": 0.25,
  "expert_thr_x": 0.25,
  "n_tokens": 208775,
  "axes": {
    "x": "less_expert_activation_ratio",
    "y": "freq_expert_activation_ratio",
    "domain": "[0,1] per-token routing fractions"
  },
  "marginal_x": {
    "p0": 0.0,
    "p2.5": 0.0,
    "p5": 0.0,
    "p7.5": 0.0026041666666666665,
    "p10": 0.0026041666666666665,
    "p12.5": 0.0026041666666666665,
    "p15": 0.005208333333333333,
    "p17.5": 0.005208333333333333,
    "p20": 0.0078125,
    "p22.5": 0.0078125,
    "p25": 0.010416666666666666,
    "p27.5": 0.010416666666666666,
    "p30": 0.013020833333333334,
    "p32.5": 0.013020833333333334,
    "p35": 0.015625,
    "p37.5": 0.018229166666666668,
    "p40": 0.018229166666666668,
    "p42.5": 0.020833333333333332,
    "p45": 0.0234375,
    "p47.5": 0.026041666666666668,
    "p50": 0.028645833333333332,
    "p52.5": 0.033854166666666664,
    "p55": 0.036458333333333336,
    "p57.5": 0.0390625,
    "p60": 0.044270833333333336,
    "p62.5": 0.046875,
    "p65": 0.052083333333333336,
    "p67.5": 0.057291666666666664,
    "p70": 0.0625,
    "p72.5": 0.06770833333333333,
    "p75": 0.07552083333333333,
    "p77.5": 0.08333333333333333,
    "p80": 0.09114583333333333,
    "p82.5": 0.1015625,
    "p85": 0.11197916666666667,
    "p87.5": 0.12760416666666666,
    "p90": 0.15104166666666666,
    "p92.5": 0.18229166666666666,
    "p95": 0.2265625,
    "p97.5": 0.2916666666666667,
    "p100": 0.6302083333333334
  },
  "marginal_y": {
    "p0": 0.0026041666666666665,
    "p2.5": 0.109375,
    "p5": 0.16145833333333334,
    "p7.5": 0.20052083333333334,
    "p10": 0.234375,
    "p12.5": 0.265625,
    "p15": 0.2916666666666667,
    "p17.5": 0.3177083333333333,
    "p20": 0.3411458333333333,
    "p22.5": 0.3619791666666667,
    "p25": 0.3828125,
    "p27.5": 0.4010416666666667,
    "p30": 0.4166666666666667,
    "p32.5": 0.4348958333333333,
    "p35": 0.4505208333333333,
    "p37.5": 0.4661458333333333,
    "p40": 0.4791666666666667,
    "p42.5": 0.4921875,
    "p45": 0.5078125,
    "p47.5": 0.5208333333333334,
    "p50": 0.5338541666666666,
    "p52.5": 0.546875,
    "p55": 0.5598958333333334,
    "p57.5": 0.5755208333333334,
    "p60": 0.5885416666666666,
    "p62.5": 0.6015625,
    "p65": 0.6145833333333334,
    "p67.5": 0.6276041666666666,
    "p70": 0.640625,
    "p72.5": 0.65625,
    "p75": 0.6692708333333334,
    "p77.5": 0.6822916666666666,
    "p80": 0.6979166666666666,
    "p82.5": 0.7135416666666666,
    "p85": 0.7291666666666666,
    "p87.5": 0.7447916666666666,
    "p90": 0.765625,
    "p92.5": 0.7864583333333334,
    "p95": 0.8125,
    "p97.5": 0.8463541666666666,
    "p100": 0.9583333333333334
  },
  "correlation": {
    "pearson": -0.785211079992799,
    "spearman": -0.8848237312187478
  },
  "histogram2d_unit_square": {
    "n_bins_each_axis": 24,
    "x_bin_edges": [
      0.0,
      0.041666666666666664,
      0.08333333333333333,
      0.125,
      0.16666666666666666,
      0.20833333333333331,
      0.25,
      0.29166666666666663,
      0.3333333333333333,
      0.375,
      0.41666666666666663,
      0.4583333333333333,
      0.5,
      0.5416666666666666,
      0.5833333333333333,
      0.625,
      0.6666666666666666,
      0.7083333333333333,
      0.75,
      0.7916666666666666,
      0.8333333333333333,
      0.875,
      0.9166666666666666,
      0.9583333333333333,
      1.0
    ],
    "y_bin_edges": [
      0.0,
      0.041666666666666664,
      0.08333333333333333,
      0.125,
      0.16666666666666666,
      0.20833333333333331,
      0.25,
      0.29166666666666663,
      0.3333333333333333,
      0.375,
      0.41666666666666663,
      0.4583333333333333,
      0.5,
      0.5416666666666666,
      0.5833333333333333,
      0.625,
      0.6666666666666666,
      0.7083333333333333,
      0.75,
      0.7916666666666666,
      0.8333333333333333,
      0.875,
      0.9166666666666666,
      0.9583333333333333,
      1.0
    ],