{
  "schema": "expert_balance.distribution_summary.token_scatter.v1",
  "script": "step5_sort_token_plot.py",
  "mode": "q_sensitivity",
  "model_display": "qwen3_30b_a3b",
  "expert_thr_y": 0.25,
  "expert_thr_x": 0.25,
  "n_tokens": 208775,
  "axes": {
    "x": "q_sensitive_expert_activation_ratio",
    "y": "q_robust_group_activation_ratio",
    "domain": "[0,1] per-token routing fractions"
  },
  "marginal_x": {
    "p0": 0.09114583333333333,
    "p2.5": 0.16927083333333334,
    "p5": 0.18489583333333334,
    "p7.5": 0.1953125,
    "p10": 0.20572916666666666,
    "p12.5": 0.21354166666666666,
    "p15": 0.21875,
    "p17.5": 0.2265625,
    "p20": 0.23177083333333334,
    "p22.5": 0.23697916666666666,
    "p25": 0.2421875,
    "p27.5": 0.24479166666666666,
    "p30": 0.25,
    "p32.5": 0.2552083333333333,
    "p35": 0.2578125,
    "p37.5": 0.2630208333333333,
    "p40": 0.265625,
    "p42.5": 0.2708333333333333,
    "p45": 0.2734375,
    "p47.5": 0.2760416666666667,
    "p50": 0.28125,
    "p52.5": 0.2838541666666667,
    "p55": 0.2890625,
    "p57.5": 0.2916666666666667,
    "p60": 0.2942708333333333,
    "p62.5": 0.2994791666666667,
    "p65": 0.3020833333333333,
    "p67.5": 0.3072916666666667,
    "p70": 0.3098958333333333,
    "p72.5": 0.3151041666666667,
    "p75": 0.3177083333333333,
    "p77.5": 0.3229166666666667,
    "p80": 0.328125,
    "p82.5": 0.3333333333333333,
    "p85": 0.3385416666666667,
    "p87.5": 0.34375,
    "p90": 0.3489583333333333,
    "p92.5": 0.3567708333333333,
    "p95": 0.3671875,
    "p97.5": 0.3802083333333333,
    "p100": 0.4583333333333333
  },
  "marginal_y": {
    "p0": 0.09114583333333333,
    "p2.5": 0.15104166666666666,
    "p5": 0.15885416666666666,
    "p7.5": 0.16666666666666666,
    "p10": 0.171875,
    "p12.5": 0.17708333333333334,
    "p15": 0.18229166666666666,
    "p17.5": 0.18489583333333334,
    "p20": 0.19010416666666666,
    "p22.5": 0.19270833333333334,
    "p25": 0.19791666666666666,
    "p27.5": 0.20052083333333334,
    "p30": 0.20572916666666666,
    "p32.5": 0.20833333333333334,
    "p35": 0.2109375,
    "p37.5": 0.21354166666666666,
    "p40": 0.21875,
    "p42.5": 0.22135416666666666,
    "p45": 0.22395833333333334,
    "p47.5": 0.2265625,
    "p50": 0.23177083333333334,
    "p52.5": 0.234375,
    "p55": 0.23697916666666666,
    "p57.5": 0.23958333333333334,
    "p60": 0.2421875,
    "p62.5": 0.24739583333333334,
    "p65": 0.25,
    "p67.5": 0.2526041666666667,
    "p70": 0.2552083333333333,
    "p72.5": 0.2604166666666667,
    "p75": 0.2630208333333333,
    "p77.5": 0.265625,
    "p80": 0.2708333333333333,
    "p82.5": 0.2760416666666667,
    "p85": 0.2786458333333333,
    "p87.5": 0.2838541666666667,
    "p90": 0.2916666666666667,
    "p92.5": 0.296875,
    "p95": 0.3072916666666667,
    "p97.5": 0.3203125,
    "p100": 0.4166666666666667
  },
  "correlation": {
    "pearson": -0.7604285715796469,
    "spearman": -0.7528028434221531
  },
  "histogram2d_unit_square": {
    "n_bins_each_axis": 24,
    "x_bin_edges": [
      0.0,
      0.041666666666666664,
      0.08333333333333333,
      0.125,
      0.16666666666666666,
      0.20833333333333331,
      0.25,
      0.29166666666666663,
      0.3333333333333333,
      0.375,
      0.41666666666666663,
      0.4583333333333333,
      0.5,
      0.5416666666666666,
      0.5833333333333333,
      0.625,
      0.6666666666666666,
      0.7083333333333333,
      0.75,
      0.7916666666666666,
      0.8333333333333333,
      0.875,
      0.9166666666666666,
      0.9583333333333333,
      1.0
    ],
    "y_bin_edges": [
      0.0,
      0.041666666666666664,
      0.08333333333333333,
      0.125,
      0.16666666666666666,
      0.20833333333333331,
      0.25,
      0.29166666666666663,
      0.3333333333333333,
      0.375,
      0.41666666666666663,
      0.4583333333333333,
      0.5,
      0.5416666666666666,
      0.5833333333333333,
      0.625,
      0.6666666666666666,
      0.7083333333333333,
      0.75,
      0.7916666666666666,
      0.8333333333333333,
      0.875,
      0.9166666666666666,
      0.9583333333333333,
      1.0
    ],